id;first_name;last_name;email;hire_date;mobile_phone_number;phone_number;zip_code;address;city;ssn;create_date
1;Shaina;Harris;Noemie86@yahoo.com;2020-09-05T02:33:39;Cambridgeshire;Avon;10684-5889;Personal Loan Account Strategist;Altenwerthfurt;Quality;2020-09-04T22:56:45
2;Virginie;Stokes;Willa40@gmail.com;2020-09-05T13:08:00;driver Gorgeous withdrawal;Virginia;75335;Fish Checking Account;McKenzieshire;parsing JBOD integrate;2020-09-05T06:09:18
3;Cecil;Hoppe;Antone_Schmeler@yahoo.com;2020-09-05T05:29:58;Djibouti e-tailers Small Metal Pizza;Keyboard;04119-0250;Generic Outdoors;North Deronhaven;Checking Account Computers open architecture;2020-09-05T13:02:19
4;Constance;Leuschke;Della37@yahoo.com;2020-09-04T17:21:28;online impactful Intelligent Plastic Pants;white Music navigate;60378;Functionality optical payment;East Jeffery;B2B index;2020-09-05T05:25:11
5;Fabiola;Cormier;Amara.Kris56@gmail.com;2020-09-05T08:48:55;quantifying Enterprise-wide Tactics;Minnesota one-to-one;10683-4444;empower;Olgaland;Ethiopian Birr Ohio;2020-09-05T11:11:46
6;Naomi;Strosin;Zaria70@yahoo.com;2020-09-05T09:56:34;Yemeni Rial override;Unbranded Soft Tuna efficient;33263;system Electronics;Millsmouth;invoice reinvent card;2020-09-05T15:06:14
7;Stevie;Johnston;Sadye_Russel@yahoo.com;2020-09-05T14:18:13;lavender Malagasy Ariary Wisconsin;calculating Incredible Fresh Pizza;54163-1812;Concrete Hat;New Camille;Generic Plastic Pizza Libyan Dinar Accounts;2020-09-05T08:03:30
8;Nikolas;Fahey;Blanca_Wilderman@hotmail.com;2020-09-05T02:56:06;Shoes;Berkshire Incredible Plastic Tuna;18400;transmit;Lake Tristian;Frozen tangible Steel;2020-09-04T16:51:56
9;Paul;Langworth;Madelyn.Wehner@yahoo.com;2020-09-05T07:04:53;payment lime Ireland;Credit Card Account;76710;Faroe Islands Generic Rubber Pants optimize;Sabrinatown;Falkland Islands (Malvinas);2020-09-05T04:13:00
10;Nellie;Block;Moises_Williamson@yahoo.com;2020-09-05T05:31:52;Small Sleek copy;District morph;93825-7886;interactive Home;Lake Crystel;Shoes enterprise;2020-09-05T12:17:43
